<?xml version="1.0" encoding="UTF-8"?>
<project-private xmlns="http://www.netbeans.org/ns/project-private/1">
    <editor-bookmarks xmlns="http://www.netbeans.org/ns/editor-bookmarks/2" lastBookmarkId="0"/>
    <open-files xmlns="http://www.netbeans.org/ns/projectui-open-files/2">
        <group>
            <file>file:/home/srmakia/Escritorio/Sistema%20de%20facturacion/Sistema%20de%20facuracion/src/view/InterfaceFacturarVenta.java</file>
            <file>file:/home/srmakia/Escritorio/Sistema%20de%20facturacion/Sistema%20de%20facuracion/src/view/InterfaceAñadirProductos.java</file>
            <file>file:/home/srmakia/Escritorio/Sistema%20de%20facturacion/Sistema%20de%20facuracion/src/view/InterfaceAñadirUsuarios.java</file>
            <file>file:/home/srmakia/Escritorio/Sistema%20de%20facturacion/Sistema%20de%20facuracion/src/view/MenuAplicacion.java</file>
            <file>file:/home/srmakia/Escritorio/Sistema%20de%20facturacion/Sistema%20de%20facuracion/src/view/FrmLogin.java</file>
        </group>
    </open-files>
</project-private>
